"","vars","n","mean","sd","median","trimmed","mad","min","max","range","skew","kurtosis","se","IQR"
"X1",1,5,83.8,14.3073407731835,87,83.8,14.826,63,100,37,-0.305778034619602,-1.74556932124388,6.39843730921856,15
